[
  {
    "id": 1,
    "priority": 2,
    "action": {
      "type": "modifyHeaders",
      "requestHeaders": [
        {"header":"x-custom-token","operation":"set","value": "2aed78a8-af8d-11ec-b3bd-879f7464e58a"}
      ]
    },
    "condition": {
      "isUrlFilter" : false,
      "urlFilter": "*.com",
      "requestDomains":[
        "example.com"
      ],
      "resourceTypes": [
        "main_frame", "sub_frame", "stylesheet", "script", "image", "font",
        "object", "xmlhttprequest", "ping", "csp_report", "media", "websocket",
        "webtransport", "webbundle", "other"
      ] }
    }


]