[
  {
    "id": 1,
    "priority": 1,
    "action": {
      "type": "redirect",
      "redirect": {
        "transform": { "scheme": "https", "host": "cdnjs.loli.net" }
      }
    },
    "condition": {
      "urlFilter": "cdnjs.cloudflare.com/ajax/libs",
      "resourceTypes": [
        "main_frame", "sub_frame", "stylesheet", "script", "image", "font",
        "object", "xmlhttprequest", "ping", "csp_report", "media", "websocket",
        "webtransport", "webbundle", "other"
      ]
    }
  }
]